Nombre,Marca,Precio,Imagen,Reseñas
Lapiz Labial En Barra Lipstick Acabado Matte Para Maquillaje,DD2,$1.399,https://http2.mlstatic.com/D_Q_NP_2X_623794-MLA77190681232_072024-E.webp,4.4
Set  De  6 Labiales  Tinta  Mágicos  De 6  Tonos  Maquillaje,Marca no disponible,$9.395,https://http2.mlstatic.com/D_Q_NP_2X_812876-MLA51345474082_082022-E.webp,3.5
Labial Maybelline Matte Ink Super Stay color poet,MAYBELLINE,$13.892,https://http2.mlstatic.com/D_Q_NP_2X_648079-MLU75974873895_042024-E.webp,4.6
Labial Maybelline Matte Ink Super Stay color dreamer,MAYBELLINE,$13.296,https://http2.mlstatic.com/D_Q_NP_2X_753527-MLU77801231840_072024-E.webp,4.6
Labial Líquido Maybelline Superstay Vinyl Ink Acabado Brillante Color Cheeky,MAYBELLINE,$22.619,https://http2.mlstatic.com/D_Q_NP_2X_728549-MLU77953723988_082024-E.webp,4.7
Lápiz Labial Mate Regina Color 07 Virgo - Nude Beige,REGINA,$28.106,https://http2.mlstatic.com/D_Q_NP_2X_661051-MLA72525801664_102023-E.webp,4.5
Rimmel Lasting Finish Extreme Matte Lápiz Labial Acabado Mate Color 730 - Perfect Nude,RIMMEL,$9.893,https://http2.mlstatic.com/D_Q_NP_2X_821405-MLU71624066676_092023-E.webp,4.5
Labial Matte X 24 Unidades. Caja Cerrada,TEJAR,$30.090,https://http2.mlstatic.com/D_Q_NP_2X_718857-MLA53096057932_122022-E.webp,4.7
Labial Super Lustrous Restage Tono Whiskey Business Revlon,REVLON,$14.323,https://http2.mlstatic.com/D_Q_NP_2X_867936-MLA80184832938_112024-E.webp,4.4
Labial Líquido Maybelline Superstay Vinyl Ink Acabado Brillante Color Lippy,MAYBELLINE,$22.620,https://http2.mlstatic.com/D_Q_NP_2X_667208-MLU75981837093_042024-E.webp,4.7
Labial Líquido Maybelline Superstay Vinyl Ink Acabado Brillante Color Golden,MAYBELLINE,$18.383,https://http2.mlstatic.com/D_Q_NP_2X_803294-MLU73936293957_012024-E.webp,4.7
Labial Líquido Maybelline New York Superstay Matte Ink - 5ml Acabado Mate Color Seductress,MAYBELLINE,$20.500,https://http2.mlstatic.com/D_Q_NP_2X_973651-MLU73659751653_122023-E.webp,4.6
Labial Líquido Infaillible Matte Resistance L'oréal Paris Acabado Mate Color SNOOZE YOUR ALARM 115,L'ORÉAL PARIS,$23.588,https://http2.mlstatic.com/D_Q_NP_2X_712494-MLU74979499553_032024-E.webp,4.5
Labial Líquido RIMMEL Labial Provocalips,RIMMEL,$12.971,https://http2.mlstatic.com/D_Q_NP_2X_606516-MLU74445561427_022024-E.webp,4.5
Rimmel Labial Líquido Lasting Provocalips Acabado Liso Color 210 Pinkcase Of Emergency,RIMMEL,$13.161,https://http2.mlstatic.com/D_Q_NP_2X_720896-MLU74103651273_012024-E.webp,4.5
Labial Líquido Rimmel Lasting Provocalips,RIMMEL,$12.971,https://http2.mlstatic.com/D_Q_NP_2X_880456-MLU71658048245_092023-E.webp,4.5
Labial Vogue Colorissimo Mate Cremoso Larga Duración 4gr Acabado Matte Color Manzana Roja,VOGUE,$6.200,https://http2.mlstatic.com/D_Q_NP_2X_865012-MLU75981826503_042024-E.webp,4.3
Lapiz Labial Ultra Matte Marvellous Mocha True Color - Avon,AVON,$9.239,https://http2.mlstatic.com/D_Q_NP_2X_725002-MLA79665242490_102024-E.webp,4.8
Labial Super Lustrous Restage Tono Dirty Shirley Revlon,REVLON,$13.674,https://http2.mlstatic.com/D_Q_NP_2X_704275-MLU74230529249_012024-E.webp,4.4
Labial Magico Hidratante Addict Lip Glow Hidratante,IMAN OF NOBLE,$5.889,https://http2.mlstatic.com/D_Q_NP_2X_911585-MLA77619915990_072024-E.webp,4.9
Labial Líquido Maybelline New York Super Stay Matte Ink Acabado Mate Color 55 Driver,MAYBELLINE,$13.282,https://http2.mlstatic.com/D_Q_NP_2X_826818-MLA79460955979_092024-E.webp,4.6
Lápiz Labial Mate Regina Color 09 Libra - Nude Rosado,REGINA,$28.106,https://http2.mlstatic.com/D_Q_NP_2X_641209-MLU74835811266_032024-E.webp,4.5
Avon Labial Ultra Matte Mate Tono Divine Twig,AVON,$9.239,https://http2.mlstatic.com/D_Q_NP_2X_686986-MLA77794059089_072024-E.webp,4.8
Labial Super Lustrous Restage Tono Fire Peach Revlon,REVLON,$14.323,https://http2.mlstatic.com/D_Q_NP_2X_666040-MLA80441472041_112024-E.webp,4.4
Labial Líquido RIMMEL LONDON Labial Provocalips,RIMMEL,$12.971,https://http2.mlstatic.com/D_Q_NP_2X_872368-MLU71608956098_092023-E.webp,4.5
Lápiz labial Revlon ColorStay Suede Ink Lipstick,REVLON,$14.584,https://http2.mlstatic.com/D_Q_NP_2X_706896-MLU69760990231_062023-E.webp,4.7
Labial Líquido L'oréal Infaillible Matte Resistance Acabado Mate Color 245 French Kiss,L'ORÉAL PARIS,$23.588,https://http2.mlstatic.com/D_Q_NP_2X_911247-MLU74842686394_032024-E.webp,4.5
Labial Vogue Colorissimo Mate Cremoso Larga Duración 4gr Acabado Matte Color Rosa Amorosa,VOGUE,$6.200,https://http2.mlstatic.com/D_Q_NP_2X_831179-MLU75999241737_042024-E.webp,4.3
Lápiz Labial Mate Regina Color 11 Geminis - Nude,REGINA,$28.106,https://http2.mlstatic.com/D_Q_NP_2X_651264-MLU76352507204_052024-E.webp,4.5
Labial Líquido Maybelline Superstay Vinyl Ink Acabado Brillante Color Punchy,MAYBELLINE,$19.250,https://http2.mlstatic.com/D_Q_NP_2X_898953-MLU78030190257_072024-E.webp,4.7
Labial Líquido Maybelline Superstay Vinyl Ink Acabado Brillante Color Peppy,MAYBELLINE,$22.620,https://http2.mlstatic.com/D_Q_NP_2X_999290-MLU78029706329_072024-E.webp,4.7
Lápiz labial Revlon ColorStay Suede Ink Lipstick,REVLON,$16.000,https://http2.mlstatic.com/D_Q_NP_2X_755287-MLU69700391157_052023-E.webp,4.7
Labial Maybelline Matte Ink Super Stay color dancer,MAYBELLINE,$14.404,https://http2.mlstatic.com/D_Q_NP_2X_978238-MLU77808209238_072024-E.webp,4.6
Labial Líquido Maybelline Superstay Vinyl Ink Acabado Brillante Color Coy,MAYBELLINE,$19.250,https://http2.mlstatic.com/D_Q_NP_2X_852652-MLA79460814355_092024-E.webp,4.7
Labial Regina Rouge Balm Volumen Hidratante Edición Limitada,REGINA,$17.658,https://http2.mlstatic.com/D_Q_NP_2X_959756-MLA80378178747_112024-E.webp,4.3
Labial Perlados En Barra Línea Naturalmente Perlados Xúlu Color B18,XÚLU COSMÉTICOS,$9.500,https://http2.mlstatic.com/D_Q_NP_2X_799878-MLU75788274368_042024-E.webp,4.5
Lápiz labial Revlon ColorStay Suede Ink Lipstick,REVLON,$16.200,https://http2.mlstatic.com/D_Q_NP_2X_955287-MLU69745473422_062023-E.webp,4.7
Loréal Paris Labial Glow Paradise Balm,L'ORÉAL PARIS,$21.500,https://http2.mlstatic.com/D_Q_NP_2X_994438-MLA79461082359_092024-E.webp,4.6
Labial Líquido Maybelline New York Super Stay Matte Ink Acabado Mate Color 25 Heroine,MAYBELLINE,$13.295,https://http2.mlstatic.com/D_Q_NP_2X_887747-MLA79218232998_092024-E.webp,4.6
Tinte Labial Power Stay She’s a Natural Larga Duracion Avon,AVON,$13.500,https://http2.mlstatic.com/D_Q_NP_2X_787676-MLU70015183471_062023-E.webp,4.7
Labial Maybelline Matte Ink Super Stay color path finder,MAYBELLINE,$24.999,https://http2.mlstatic.com/D_Q_NP_2X_668595-MLA74650248682_022024-E.webp,4.6
L'oréal Paris Intense Volume Matte Acabado Mate Color 602 NUDE ADMIRABLE Labial Color Riche,L'ORÉAL PARIS,$20.237,https://http2.mlstatic.com/D_Q_NP_2X_643322-MLA76104881724_052024-E.webp,4.6
Clinique Almost Lipstick Black Honey Acabado Cremoso,CLINIQUE,$59.989,https://http2.mlstatic.com/D_Q_NP_2X_990774-MLU75051228244_032024-E.webp,4.6
Labial Líquido Mate Avon Power Stay Indeleble Color Downtown Pink,AVON,$12.879,https://http2.mlstatic.com/D_Q_NP_2X_982024-MLU74323810194_022024-E.webp,4.7
Lápiz labial Revlon ColorStay Suede Ink Lipstick,REVLON,$16.608,https://http2.mlstatic.com/D_Q_NP_2X_616642-MLU69745221084_062023-E.webp,4.7
Labial Matte Colortrend Fps 15 - Avon Color Mocca Clasico,AVON,$6.000,https://http2.mlstatic.com/D_Q_NP_2X_686957-MLU75329814118_032024-E.webp,4.5
Labial en Barra RIMMEL Lasting Finish Extreme Matte,RIMMEL,$10.717,https://http2.mlstatic.com/D_Q_NP_2X_736535-MLU71672576967_092023-E.webp,4.5
Labial Rimmel Lasting Finish Extreme Matte Rimmel,RIMMEL,$10.717,https://http2.mlstatic.com/D_Q_NP_2X_707854-MLU71622939452_092023-E.webp,4.4
Lápiz Labial En Barra Xúlu Cosméticos Z251 Color B16,XÚLU COSMÉTICOS,$9.500,https://http2.mlstatic.com/D_Q_NP_2X_830455-MLA79401456480_092024-E.webp,4.5
Labial En Barra Rimmel London Lasting Finish Nude Collection Color 48,RIMMEL,$9.392,https://http2.mlstatic.com/D_Q_NP_2X_701599-MLU79040450790_092024-E.webp,4.6
